"time","top","med","bottom","date"
0,0.000137950799092702,7.28762246595504e-05,7.80165022639864e-06,2020-06-10
0.5,0.00013976968478825,7.38596496149241e-05,7.94961444159846e-06,2020-06-10
1,0.000141611649390844,7.48560145849915e-05,8.10037977913892e-06,2020-06-11
1.5,0.000143476961354779,7.58654802127138e-05,8.25399907064902e-06,2020-06-11
2,0.000145365891591689,7.68882088641793e-05,8.41052613666998e-06,2020-06-12
2.5,0.000147278713474002,7.79243646394394e-05,8.57001580487648e-06,2020-06-12
3,0.000149215702837733,7.89741133831775e-05,8.73252392862233e-06,2020-06-13
3.5,0.000151177137984591,8.00376226952036e-05,8.8981074058162e-06,2020-06-13
4,0.000153163299683396,8.11150619407643e-05,9.06682419813259e-06,2020-06-14
4.5,0.000155174471170751,8.22066022606573e-05,9.23873335056365e-06,2020-06-14
5,0.000157210938150971,8.33124165811442e-05,9.41389501131743e-06,2020-06-15
5.5,0.000159272988795225,8.44326796236466e-05,9.59237045206805e-06,2020-06-15
6,0.000161360913739877,8.55675679142201e-05,9.77422208856364e-06,2020-06-16
6.5,0.000163475006083985,8.67172597927916e-05,9.95951350159777e-06,2020-06-16
7,0.000165615561385953,8.78819354221514e-05,1.01483094583502e-05,2020-06-17
7.5,0.000167782877659275,8.90617767966887e-05,1.03406759341027e-05,2020-06-17
8,0.000169977255367379,9.02569677508577e-05,1.05366801343367e-05,2020-06-18
8.5,0.000172198997417511,9.14676939673643e-05,1.07363905172172e-05,2020-06-18
9,0.000174448409153651,9.2694142985061e-05,1.0939876816471e-05,2020-06-19
9.5,0.00017672579834841,9.39365042065372e-05,1.11472100646643e-05,2020-06-19
10,0.0001790314751939,9.51949689053931e-05,1.13584626168857e-05,2020-06-20
10.5,0.000181365752291525,9.64697302331836e-05,1.15737081748422e-05,2020-06-20
11,0.000183728944640669,9.7760983226021e-05,1.17930218113732e-05,2020-06-21
11.5,0.000186121369626251,9.90689248108204e-05,1.20164799953896e-05,2020-06-21
12,0.000188543347005108,0.000100393753811177,1.22441606172451e-05,2020-06-22
12.5,0.00019099519889117,0.000101735670952858,1.2476143014545e-05,2020-06-22
13,0.0001934772497394,0.0001030948788689,1.27125079984004e-05,2020-06-23
13.5,0.000195989826328451,0.000104471582104292,1.29533378801338e-05,2020-06-23
14,0.000198533257742023,0.000105865987120233,1.31987164984431e-05,2020-06-24
14.5,0.000201107875348855,0.000107278302297943,1.34487292470314e-05,2020-06-24
15,0.000203714012781342,0.000108708737942025,1.37034631027082e-05,2020-06-25
15.5,0.000206352005912724,0.000110157506283347,1.39630066539705e-05,2020-06-25
16,0.000209022192832802,0.000111624821481436,1.42274501300699e-05,2020-06-26
16.5,0.000211724913822165,0.000113110899626369,1.4496885430573e-05,2020-06-26
17,0.000214460511324855,0.000114615958740139,1.47714061554224e-05,2020-06-27
17.5,0.000217229329919462,0.000116140218777484,1.50511076355053e-05,2020-06-27
18,0.000220031716288577,0.000117683901626158,1.53360869637377e-05,2020-06-28
18.5,0.000222868019186588,0.000119247231106629,1.56264430266696e-05,2020-06-28
19,0.000225738589405751,0.000120830432971186,1.59222765366211e-05,2020-06-29
19.5,0.00022864377974051,0.000122433734902433,1.62236900643553e-05,2020-06-29
20,0.00023158394495002,0.000124057366511157,1.65307880722947e-05,2020-06-30
20.5,0.000234559441718809,0.00012570155933355,1.68436769482911e-05,2020-06-30
21,0.000237570628615567,0.00012736654682776,1.71624650399539e-05,2020-07-01
21.5,0.000240617866049977,0.000129052564369761,1.74872626895455e-05,2020-07-01
22,0.000243701516227575,0.000130759849248514,1.78181822694523e-05,2020-07-02
22.5,0.000246821943102571,0.000132488640660404,1.81553382182362e-05,2020-07-02
23,0.000249979512328586,0.000134239179702932,1.84988470772779e-05,2020-07-03
23.5,0.000253174591207262,0.000136011709367639,1.88488275280158e-05,2020-07-03
24,0.000256407548634695,0.000137806474532244,1.92054004297919e-05,2020-07-04
24.5,0.000259678755045631,0.00013962372195197,1.95686888583086e-05,2020-07-04
25,0.000262988582355385,0.000141463700250046,1.99388181447077e-05,2020-07-05
25.5,0.000266337403899431,0.000143326659907354,2.03159159152764e-05,2020-07-05
26,0.000269725594370608,0.000145212853251199,2.07001121317896e-05,2020-07-06
26.5,0.000273153529753884,0.00014712253444319,2.10915391324956e-05,2020-07-06
27,0.000276621587258643,0.000149055959466198,2.14903316737527e-05,2020-07-07
27.5,0.000280130145248422,0.000151013386110374,2.18966269723249e-05,2020-07-07
28,0.000283679583168059,0.000152995073958201,2.23105647483432e-05,2020-07-08
28.5,0.000287270281468184,0.000155001284368563,2.27322872689419e-05,2020-07-08
29,0.000290902621527021,0.000157032280459798,2.31619393925747e-05,2020-07-09
29.5,0.000294576985569415,0.000159088327091718,2.35996686140209e-05,2020-07-09
30,0.00029829375658306,0.000161169690846574,2.40456251100869e-05,2020-07-10
30.5,0.000302053318231851,0.000163276640008931,2.44999617860118e-05,2020-07-10
31,0.000305856054766309,0.000165409444544446,2.49628343225831e-05,2020-07-11
31.5,0.000309702350931037,0.000167568376077504,2.54344012239707e-05,2020-07-11
32,0.000313592591869124,0.000169753707867705,2.59148238662858e-05,2020-07-12
32.5,0.000317527163023469,0.00017196571478517,2.64042665468714e-05,2020-07-12
33,0.000321506450034948,0.00017420467328464,2.69028965343319e-05,2020-07-13
33.5,0.000325530838637373,0.00017647086137834,2.74108841193078e-05,2020-07-13
34,0.000329600714549197,0.0001787645586076,2.79284026660027e-05,2020-07-14
34.5,0.00033371646336189,0.000181086046013179,2.84556286644685e-05,2020-07-14
35,0.000337878470424939,0.000183435606104297,2.89927417836552e-05,2020-07-15
35.5,0.000342087120727422,0.000185813522826327,2.95399249252319e-05,2020-07-15
36,0.000346342798776085,0.000188220081527134,3.00973642781841e-05,2020-07-16
36.5,0.000350645888469873,0.000190655568922033,3.06652493741935e-05,2020-07-16
37,0.000354996772970867,0.000193120273057336,3.12437731438054e-05,2020-07-17
37.5,0.000359395834571552,0.000195614483272471,3.18331319733895e-05,2020-07-17
38,0.000363843454558379,0.000198138490160639,3.24335257628987e-05,2020-07-18
38.5,0.000368340013071558,0.000200692585527994,3.30451579844301e-05,2020-07-18
39,0.000372885888961027,0.00020327706235131,3.3668235741594e-05,2020-07-19
39.5,0.000377481459638543,0.000205892214734119,3.43029698296941e-05,2020-07-19
40,0.000382127100925851,0.000208538337861287,3.49495747967217e-05,2020-07-20
40.5,0.000386823186898861,0.000211215727952016,3.56082690051705e-05,2020-07-20
41,0.000391570089727796,0.000213924682211234,3.62792746946713e-05,2020-07-21
41.5,0.000396368179513261,0.000216665498779356,3.69628180454519e-05,2020-07-21
42,0.000401217824118166,0.000219438476680395,3.76591292426239e-05,2020-07-22
42.5,0.000406119388995477,0.000222243915768387,3.83684425412976e-05,2020-07-22
43,0.000411073237011733,0.00022508211667213,3.90909963325275e-05,2020-07-23
43.5,0.000416079728266282,0.000227953380738185,3.98270332100881e-05,2020-07-23
44,0.000421139219906203,0.000230858009972142,4.05768000380818e-05,2020-07-24
44.5,0.000426252065936855,0.000233796306978116,4.13405480193779e-05,2020-07-24
45,0.000431418617028025,0.000236768574896454,4.21185327648817e-05,2020-07-25
45.5,0.000436639220315628,0.000239775117339631,4.29110143636345e-05,2020-07-25
46,0.000441914219198914,0.000242816238326327,4.37182574537393e-05,2020-07-26
46.5,0.000447243953133162,0.000245892242213638,4.4540531294113e-05,2020-07-26
47,0.00045262875741781,0.000249003433627435,4.53781098370601e-05,2020-07-27
47.5,0.000458068962979996,0.00025215011739083,4.62312718016636e-05,2020-07-27
48,0.000463564896153484,0.000255332598450737,4.71003007479906e-05,2020-07-28
48.5,0.000469116878452932,0.000258551181802518,4.79854851521042e-05,2020-07-28
49,0.000474725226343495,0.000261806172412687,4.88871184818777e-05,2020-07-29
49.5,0.000480390251005732,0.000265097875139667,4.98054992736032e-05,2020-07-29
50,0.000486112258095784,0.000268426594652585,5.07409312093865e-05,2020-07-30
50.5,0.000491891547500835,0.000271792635348077,5.16937231953184e-05,2020-07-30
51,0.000497728413089816,0.000275196301265115,5.26641894404144e-05,2020-07-31
51.5,0.00050362314245935,0.00027863789599783,5.36526495363098e-05,2020-07-31
52,0.000509576016674932,0.000282117722606316,5.46594285376995e-05,2020-08-01
52.5,0.000515587310007342,0.000285636083525425,5.56848570435074e-05,2020-08-01
53,0.000521657289664283,0.000289193280471528,5.67292712787737e-05,2020-08-02
53.5,0.000527786215517251,0.000292789614347246,5.77930131772416e-05,2020-08-02
54,0.000533974339823651,0.00029642538514414,5.88764304646279e-05,2020-08-03
54.5,0.000540221906944158,0.000300100891843359,5.99798767425592e-05,2020-08-03
55,0.000546529153055347,0.00030381643231425,6.11037115731533e-05,2020-08-04
55.5,0.000552896305857612,0.000307572303210918,6.22483005642254e-05,2020-08-04
56,0.000559323584278397,0.000311368799866746,6.34140154550952e-05,2020-08-05
56.5,0.000565811198170768,0.00031520621618687,6.46012342029725e-05,2020-08-05
57,0.000572359348007363,0.000319084844538628,6.58103410698929e-05,2020-08-06
57.5,0.000578968224569756,0.000323004975639967,6.70417267101783e-05,2020-08-06
58,0.000585638008633284,0.000326900876047861,6.81637434624385e-05,2020-08-07
58.5,0.000592368870647391,0.000330745409586918,6.9121948526446e-05,2020-08-07
59,0.000599160970411532,0.00033462716491225,7.00933594129683e-05,2020-08-08
59.5,0.000606014456746716,0.000338546303663487,7.10781505802585e-05,2020-08-08
60,0.000612929467162743,0.000342502982868762,7.20764985747818e-05,2020-08-09
60.5,0.000619906127521219,0.000346497354785543,7.3088582049867e-05,2020-08-09
61,0.000626944551694424,0.000350529566739374,7.41145817843251e-05,2020-08-10
61.5,0.000634044841220121,0.000354599760960574,7.51546807010267e-05,2020-08-10
62,0.00064120708495241,0.000358708074418921,7.62090638854315e-05,2020-08-11
62.5,0.000648431358708709,0.000362854638656384,7.72779186040594e-05,2020-08-11
63,0.000655717724912992,0.000367039579617944,7.83614343228954e-05,2020-08-12
63.5,0.000663066232235387,0.000371263017480553,7.94598027257183e-05,2020-08-12
64,0.000670476915228261,0.000375525066480303,8.05732177323444e-05,2020-08-13
64.5,0.000677949793958922,0.000379825834737849,8.17018755167751e-05,2020-08-13
65,0.000685484873639083,0.000384165424082162,8.284597452524e-05,2020-08-14
65.5,0.000693082144251225,0.000388543929872674,8.40057154941228e-05,2020-08-14
66,0.000700741580172023,0.000392961440819891,8.51813014677599e-05,2020-08-15
66.5,0.000708463139792998,0.00039741803880455,8.63729378161017e-05,2020-08-15
67,0.000716246765138563,0.000401913798695393,8.75808322522221e-05,2020-08-16
67.5,0.000724092381481649,0.000406448788165658,8.88051948496668e-05,2020-08-16
68,0.000731999896957097,0.000411023067508362,9.00462380596266e-05,2020-08-17
68.5,0.000739969202173021,0.000415636689450471,9.13041767279223e-05,2020-08-17
69,0.00074800016982034,0.000420289698966065,9.25792281117899e-05,2020-08-18
69.5,0.000756092654280714,0.000424982133088582,9.38716118964504e-05,2020-08-18
70,0.000764246491233094,0.000429714020722272,9.51815502114506e-05,2020-08-19
70.5,0.000772461497259127,0.000434485382452944,9.65092676467615e-05,2020-08-19
71,0.000780737469447676,0.000439296230358147,9.78549912686177e-05,2020-08-20
71.5,0.000789074184998686,0.000444146567816885,9.92189506350829e-05,2020-08-20
72,0.000797471400826695,0.000449036389319011,0.000100601377811326,2020-08-21
72.5,0.000805928853164229,0.000453965680274411,0.000102002507384593,2020-08-21
73,0.000814446257165402,0.000458934416822125,0.000103422576478849,2020-08-22
73.5,0.000823023306509994,0.000463942565639542,0.000104861824769089,2020-08-22
74,0.000831659673008326,0.000468990083751807,0.000106320494495288,2020-08-23
74.5,0.000840355006207241,0.000474076918341603,0.000107798830475964,2020-08-23
75,0.000849108932997528,0.000479203006559446,0.000109297080121364,2020-08-24
75.5,0.000857921057223115,0.000484368275334665,0.000110815493446215,2020-08-24
76,0.00086679095929239,0.000489572641187224,0.000112354323082058,2020-08-25
76.5,0.000875718195792,0.000494816010040555,0.000113913824289111,2020-08-25
77,0.000884702299103501,0.000500098277035583,0.000115494254967665,2020-08-26
77.5,0.000893742777023238,0.000505419326346107,0.000117095875668977,2020-08-26
78,0.000902839112385836,0.000510779030995739,0.000118718949605642,2020-08-27
78.5,0.000911990762691718,0.00051617725267657,0.000120363742661422,2020-08-27
79,0.000921197159739039,0.000521613841569773,0.000122030523400508,2020-08-28
79.5,0.000930457709260467,0.000527088636168327,0.000123719563076187,2020-08-28
80,0.00093977179056524,0.000532601463102069,0.000125431135638898,2020-08-29
80.5,0.000949138756186928,0.000538152136965283,0.000127165517743639,2020-08-29
81,0.000958557931537361,0.000543740460147036,0.00012892298875671,2020-08-30
81.5,0.000968028614567165,0.000549366222664463,0.000130703830761762,2020-08-30
82,0.000977550075433383,0.000555029201999251,0.000132508328565119,2020-08-31
82.5,0.000987121556174651,0.000560729162937501,0.000134336769700351,2020-08-31
83,0.000996742270394414,0.000566465857413244,0.000136189444432073,2020-09-01
83.5,0.00100641140295267,0.000572239024355795,0.000138066645758923,2020-09-01
84,0.00101612810966673,0.000578048389541219,0.000139968669415711,2020-09-02
84.5,0.00102589151702154,0.000583893665448117,0.000141895813874692,2020-09-02
85,0.00103570072189005,0.000589774551117993,0.000143848380345937,2020-09-03
85.5,0.00104555479126409,0.00059569073202043,0.00014582667277677,2020-09-03
86,0.00105545276199644,0.000601641879923341,0.000147830997850238,2020-09-04
86.5,0.00106539364055446,0.000607627652768517,0.000149861664982572,2020-09-04
87,0.00107537640278589,0.000613647694552754,0.00015191898631962,2020-09-05
87.5,0.00108539999369738,0.000619701635214788,0.000154003276732196,2020-09-05
88,0.00109546332724628,0.000625789090528307,0.00015611485381033,2020-09-06
88.5,0.00110556528614622,0.00063190966200129,0.000158254037856361,2020-09-06
89,0.00111570472168702,0.000638062936781938,0.000160421151876853,2020-09-07
89.5,0.00112588045356961,0.000644248487571445,0.000162616521573283,2020-09-07
90,0.0011360912697563,0.000650465872543878,0.000164840475331461,2020-09-08
90.5,0.0011463359263372,0.000656714635273426,0.000167093344209655,2020-09-08
91,0.00115661314741316,0.000662994304669262,0.000169375461925359,2020-09-09
91.5,0.00116692162499592,0.000669304394918302,0.00017168716484068,2020-09-09
92,0.0011772600189259,0.000675644405436095,0.00017402879194629,2020-09-10
92.5,0.00118762695680833,0.000682013820826115,0.0001764006848439,2020-09-10
93,0.0011980210339682,0.000688412110847707,0.000178803187727217,2020-09-11
93.5,0.00120844081342453,0.00069483873039293,0.000181236647361333,2020-09-11
94,0.00121888482588464,0.00070129311947257,0.000183701413060495,2020-09-12
94.5,0.00122935156975886,0.000707774703211539,0.000186197836664221,2020-09-12
95,0.00123983951119617,0.000714282891853934,0.000188726272511699,2020-09-13
95.5,0.00125034708414151,0.000720817080777972,0.000191287077414434,2020-09-13
96,0.00126087269041502,0.000727376650521049,0.000193880610627075,2020-09-14
96.5,0.00127141469981392,0.000733960966815155,0.000196507233816392,2020-09-14
97,0.00128197145023739,0.000740569380632857,0.000199167311028327,2020-09-15
97.5,0.00129254124783507,0.000747201228244081,0.000201861208653093,2020-09-15
98,0.00130312236717956,0.000753855831283899,0.000204589295388238,2020-09-16
98.5,0.00131371305146343,0.000760532496831534,0.000207351942199642,2020-09-16
99,0.00132431151272115,0.000767230517500767,0.000210149522280384,2020-09-17
99.5,0.00133491593207649,0.000773949171541949,0.000212982411007413,2020-09-17
100,0.00134552446001561,0.000780687722955794,0.000215850985895981,2020-09-18
100.5,0.00135613521668648,0.000787445421619124,0.000218755626551773,2020-09-18
101,0.00136674629222479,0.000794221503422727,0.000221696714620665,2020-09-19
101.5,0.0013773557471069,0.000801015190421486,0.000224674633736069,2020-09-19
102,0.00138796161253004,0.000807825690996914,0.000227689769463791,2020-09-20
102.5,0.00139856189082012,0.000814652200032227,0.000230742509244338,2020-09-20
103,0.00140915455586752,0.00082149389910007,0.000233833242332622,2020-09-21
103.5,0.00141973755359102,0.000828349956663006,0.000236962359734996,2020-09-21
104,0.00143030880243018,0.000835219528286859,0.000240130254143541,2020-09-22
104.5,0.0014408661938664,0.000842101756866984,0.000243337319867569,2020-09-22
105,0.00145140759297282,0.000848995772867533,0.000246583952762246,2020-09-23
105.5,0.00146193083899325,0.000855900694573769,0.00024987055015429,2020-09-23
106,0.00147243374595024,0.000862815628357455,0.000253197510764667,2020-09-24
106.5,0.00148291410328247,0.000869739668955345,0.00025656523462822,2020-09-24
107,0.00149336967651139,0.000876671899760773,0.00025997412301016,2020-09-25
107.5,0.00150379820793729,0.000883611393128328,0.000263424578319362,2020-09-25
108,0.0015141974173648,0.000890557210691586,0.00026691700401837,2020-09-26
108.5,0.00152456500285762,0.000897508403693848,0.000270451804530078,2020-09-26
109,0.00153489864152265,0.000904464013331815,0.00027402938514098,2020-09-27
109.5,0.00154519599032329,0.000911423071112117,0.000277650151900947,2020-09-27
110,0.00155545468692175,0.000918384599220596,0.000281314511519438,2020-09-28
110.5,0.00156567235055032,0.000925347610904206,0.000285022871258091,2020-09-28
111,0.00157584658291121,0.000932311110865409,0.000288775638819608,2020-09-29
111.5,0.00158597496910488,0.000939274095668877,0.000292573222232872,2020-09-29
112,0.00159605507858646,0.000946235554160338,0.000296416029734215,2020-09-30
112.5,0.00160608446614995,0.000953194467897362,0.000300304469644774,2020-09-30
113,0.00161606067293983,0.000960149811591842,0.000304238950243853,2020-10-01
113.5,0.00162598122748968,0.000967100553563954,0.000308219879638225,2020-10-01
114,0.00163584364678731,0.000974045656207305,0.000312247665627297,2020-10-02
114.5,0.00164564543736594,0.000980984076465005,0.000316322715564073,2020-10-02
115,0.00165538409642083,0.000987914766316327,0.000320445436211827,2020-10-03
115.5,0.00166505711295088,0.000994836673273658,0.000324616233596436,2020-10-03
116,0.00167466196892444,0.00100174874088936,0.000328835512854285,2020-10-04
116.5,0.00168419614046875,0.00100864990927221,0.000333103678075674,2020-10-04
117,0.00169365709908221,0.00101553911561294,0.000337421132143667,2020-10-05
117.5,0.00170304231286889,0.0010224152947186,0.000341788276568299,2020-10-05
118,0.00171234924779425,0.00102927737955517,0.00034620551131609,2020-10-06
118.5,0.00172157536896138,0.00103612430179808,0.000350673234634773,2020-10-06
119,0.00173071814190687,0.00104295499239003,0.00035519184287319,2020-10-07
119.5,0.00173977503391533,0.00104976838210581,0.000359761730296284,2020-10-07
120,0.0017487435153516,0.00105656340212335,0.000364383288895111,2020-10-08
120.5,0.0017576210610097,0.00106333898460076,0.000369056908191822,2020-10-08
121,0.00176640515147741,0.00107009406325848,0.000373782975039551,2020-10-09
121.5,0.00177509327451544,0.00107682757396628,0.00037856187341713,2020-10-09
122,0.00178368292645003,0.00108353845533432,0.000383393984218603,2020-10-10
122.5,0.00179217161357791,0.00109022564930768,0.000388279685037448,2020-10-10
123,0.00180055685358224,0.00109688810176386,0.000393219349945478,2020-10-11
123.5,0.00180883617695858,0.00110352476311246,0.00039821334926635,2020-10-11
124,0.00181700712844939,0.00111013458889651,0.000403262049343641,2020-10-12
124.5,0.00182506726848584,0.00111671654039464,0.000408365812303439,2020-10-12
125,0.00183301417463572,0.00112326958522356,0.000413524995811394,2020-10-13
125.5,0.00184084544305594,0.00112979269794007,0.000418739952824205,2020-10-13
126,0.00184855868994832,0.0011362848606419,0.000424011031335479,2020-10-14
126.5,0.00185615155301732,0.00114274506356663,0.000429338574115944,2020-10-14
127,0.00186362169292819,0.00114917230568808,0.000434722918447971,2020-10-15
127.5,0.00187096679476416,0.00115556559530927,0.000440164395854369,2020-10-15
128,0.00187818456948121,0.00116192395065133,0.000445663331821443,2020-10-16
128.5,0.00188527275535887,0.00116824640043757,0.000451220045516277,2020-10-16
129,0.0018922291194457,0.00117453198447196,0.000456834849498222,2020-10-17
129.5,0.00189905145899775,0.00118077975421117,0.000462508049424581,2020-10-17
130,0.00190573760290867,0.00118698877332958,0.000468239943750481,2020-10-18
130.5,0.00191228541312981,0.00119315811827636,0.000474030823422912,2020-10-18
131,0.00192349846955571,0.00120168972056233,0.00047988097156895,2020-10-19
131.5,0.00194210710987569,0.00121394888652692,0.000485790663178152,2020-10-19
132,0.00196076991941692,0.00122626504209803,0.000491760164779139,2020-10-20
132.5,0.00197948382055172,0.00123863677733105,0.000497789734110385,2020-10-20
133,0.00199824565980924,0.00125106263979723,0.000503879619785223,2020-10-21
133.5,0.00201705220792413,0.00126354113443761,0.000510030060951097,2020-10-21
134,0.00203590015994469,0.0012760707234439,0.000516241286943102,2020-10-22
134.5,0.00205478613540199,0.00128864982616691,0.000522513516931831,2020-10-22
135,0.00207370667854162,0.00130127681905361,0.000528846959565596,2020-10-23
135.5,0.00209265825861961,0.00131395003561334,0.000535241812607064,2020-10-23
136,0.00211163727026402,0.00132666776641419,0.000541698262564362,2020-10-24
136.5,0.00213064003390366,0.0013394282591102,0.000548216484316737,2020-10-24
137,0.0021496627962654,0.00135222971850011,0.000554796640734823,2020-10-25
137.5,0.00216870173094139,0.00136502985536283,0.000561357979784267,2020-10-25
138,0.00218775293902764,0.00137632949689578,0.000564906054763911,2020-10-26
138.5,0.00220681244983508,0.00138763554205057,0.000568458634266068,2020-10-26
139,0.00222587622167439,0.00139894581575565,0.000572015409836906,2020-10-27
139.5,0.00224494014271582,0.00141025810559858,0.000575576068481349,2020-10-27
140,0.00226400003192488,0.00142157016230117,0.00057914029267746,2020-10-28
140.5,0.00228305164007518,0.00143287970023393,0.000582707760392692,2020-10-28
141,0.00230209065083904,0.00144418439797056,0.000586278145102081,2020-10-29
141.5,0.00232111268195706,0.00145548189888271,0.000589851115808369,2020-10-29
142,0.00234011328648708,0.00146676981177559,0.000593426337064107,2020-10-30
142.5,0.00236307876697082,0.00148004111798329,0.000597003468995762,2020-10-30
143,0.00238675557266601,0.00149366886999793,0.000600582167329846,2020-10-31
143.5,0.00241047739525851,0.00150731973933981,0.000604162083421102,2020-10-31
144,0.00243423900792011,0.00152099093610143,0.00060774286428276,2020-11-01
144.5,0.00245803506580714,0.00153413091023293,0.000610226754658727,2020-11-01
145,0.00248186010686552,0.00154715662883045,0.000612453150795388,2020-11-02
145.5,0.00250570855276477,0.0015601803066064,0.000614652060448028,2020-11-02
146,0.00252957470996363,0.00157319885706254,0.000616823004161443,2020-11-03
146.5,0.00255345277090999,0.00158620913845007,0.00061896550599014,2020-11-03
147,0.00257733681537741,0.00159920795454212,0.000621079093706835,2020-11-04
147.5,0.00260122081194074,0.00161219205547587,0.000623163299010995,2020-11-04
148,0.00262509861959282,0.00162515813866506,0.000625217657737303,2020-11-05
148.5,0.00264896398950438,0.00163810284978413,0.000627241710063877,2020-11-05
149,0.00267281056692894,0.00165102278382452,0.000629235000720097,2020-11-06
149.5,0.00269663189325437,0.00166391448622413,0.000631197079193898,2020-11-06
150,0.00272042140820255,0.00167677445407046,0.000633127499938364,2020-11-07
150.5,0.0027441724521785,0.00168959913737799,0.00063502582257748,2020-11-07
151,0.00276787826876993,0.00170238494044041,0.000636891612110879,2020-11-08
151.5,0.00279153200739816,0.0017151282232578,0.000638724439117435,2020-11-08
152,0.002815126726121,0.00172782530303927,0.000640523879957542,2020-11-09
152.5,0.00283865539458797,0.00174047245578095,0.000642289516973924,2020-11-09
153,0.0028621108971481,0.00175306591791946,0.000644020938690818,2020-11-10
153.5,0.00288548603611012,0.00176560188806075,0.00064571774001138,2020-11-10
154,0.00290877353515474,0.00177807652878394,0.000647379522413147,2020-11-11
154.5,0.0029319660428984,0.0017904859685199,0.000649005894141403,2020-11-11
155,0.00295505613660763,0.00180282630350396,0.000650596470400297,2020-11-12
155.5,0.00297803632606284,0.0018150935998022,0.000652150873541556,2020-11-12
156,0.00300089905757006,0.00182728389541035,0.000653668733250631,2020-11-13
156.5,0.00302363671811894,0.00183939320242454,0.000655149686730139,2020-11-13
157,0.00304624163968497,0.0018514175092827,0.000656593378880423,2020-11-14
157.5,0.00306870610367362,0.00186335278307537,0.000657999462477118,2020-11-14
158,0.00309102234550369,0.00187519497192461,0.000659367598345526,2020-11-15
158.5,0.003113182559327,0.00188694000742935,0.000660697455531698,2020-11-15
159,0.00313517890288116,0.0018985838071756,0.000661988711470045,2020-11-16
159.5,0.00315700350247189,0.00191012227730962,0.000663241052147353,2020-11-16
160,0.00317864845808096,0.001921551315172,0.00066445417226305,2020-11-17
160.5,0.00320010584859564,0.00193286681199062,0.000665627775385599,2020-11-17
161,0.0032213677371552,0.00194406465563004,0.000666761574104869,2020-11-18
161.5,0.00324242617660955,0.00195514073339495,0.000667855290180354,2020-11-18
162,0.00326327321508507,0.00196609093488509,0.000668908654685116,2020-11-19
162.5,0.00328390090165211,0.00197691115489872,0.000669921408145324,2020-11-19
163,0.00330430129208862,0.00198759729638194,0.000670893300675256,2020-11-20
163.5,0.00332446645473373,0.00199814527342069,0.000671824092107658,2020-11-20
164,0.00334438847642513,0.00200855101427223,0.000672713552119337,2020-11-21
164.5,0.00336405946851374,0.00201881046443281,0.000673561460351873,2020-11-21
165,0.00338347157294875,0.00202891958973805,0.000674367606527348,2020-11-22
165.5,0.00340261696842593,0.00203887437949246,0.000675131790558989,2020-11-22
166,0.00342148787659204,0.00204867084962433,0.000675853822656615,2020-11-23
166.5,0.00344007656829757,0.00205830504586219,0.000676533523426806,2020-11-23
167,0.00345837536989014,0.00206777304692892,0.000677170723967695,2020-11-24
167.5,0.00347637666954047,0.00207707096774938,0.000677765265958297,2020-11-24
168,0.00349407292359271,0.00208619496266751,0.0006783170017423,2020-11-25
168.5,0.00351145666293075,0.00209514122866849,0.000678825794406239,2020-11-25
169,0.00352852049935186,0.00210390600860191,0.000679291517851973,2020-11-26
169.5,0.00354525713193897,0.00211248559440119,0.000679714056863418,2020-11-26
170,0.00356165935342268,0.00212087633029507,0.000680093307167456,2020-11-27
170.5,0.00357772005652399,0.00212907461600648,0.000680429175488975,2020-11-27
171,0.00359343224026862,0.0021370769099343,0.00068072157959999,2020-11-28
171.5,0.00360878901626375,0.00214487973231327,0.000680970448362796,2020-11-28
172,0.00362378361492788,0.0021524796683475,0.000681175721767112,2020-11-29
172.5,0.00363840939166452,0.00215987337131286,0.000681337350961198,2020-11-29
173,0.00365265983297032,0.0021670575656236,0.00068145529827689,2020-11-30
173.5,0.00366652856246831,0.00217402904985844,0.000681529537248557,2020-11-30
174,0.00368000934685696,0.00218078469974146,0.000681560052625954,2020-12-01
174.5,0.00369309610176564,0.00218732147107329,0.000681546840380948,2020-12-01
175,0.00370578289750734,0.00219363640260774,0.000681489907708132,2020-12-02
175.5,0.00371806396471949,0.0021997266188694,0.000681389273019316,2020-12-02
176,0.00372993369988365,0.00220558933290778,0.000681244965931904,2020-12-03
176.5,0.00374138667071538,0.00221122184898327,0.000681057027251165,2020-12-03
177,0.00375241762141529,0.00221662156518086,0.000680825508946424,2020-12-04
177.5,0.00376302147777266,0.00222178597594693,0.00068055047412119,2020-12-04
178,0.00377319335211334,0.0022267126745453,0.000680231996977253,2020-12-05
178.5,0.00378292854808348,0.00223139935542813,0.00067987016277278,2020-12-05
179,0.00379222256526121,0.00223584381651783,0.000679465067774458,2020-12-06
179.5,0.00380107110358854,0.00224004396139613,0.000679016819203724,2020-12-06
180,0.00380947006761583,0.00224399780139648,0.000678525535177134,2020-12-07
180.5,0.00381741557055183,0.00224770345759638,0.000677991344640926,2020-12-07
181,0.00382490393811227,0.00225115916270606,0.000677414387299849,2020-12-08
181.5,0.00383193171216044,0.00225436326285037,0.000676794813540304,2020-12-08
182,0.00383849565413365,0.00225731421924077,0.000676132784347893,2020-12-09
182.5,0.00384459274824947,0.00226001060973445,0.000675428471219434,2020-12-09
183,0.00385022020448662,0.00226245113027808,0.000674682056069537,2020-12-10
183.5,0.00385658567059921,0.00226523970086551,0.000673893731131816,2020-12-10
184,0.00386630128122791,0.00226968249004138,0.000673063698854842,2020-12-11
184.5,0.00387537356586233,0.00227378286882762,0.000672192171792914,2020-12-11
185,0.00388379665909373,0.00227753801579275,0.000671279372491771,2020-12-12
185.5,0.00389156512545486,0.0022809453294121,0.000670325533369332,2020-12-12
186,0.00389867396694615,0.00228400243176886,0.00066933089659157,2020-12-13
186.5,0.00390511862994634,0.002286707171945,0.000668295713943658,2020-12-13
187,0.00391089501149091,0.00228905762909369,0.000667220246696466,2020-12-14
187.5,0.00391599946490336,0.00229105211518596,0.00066610476546856,2020-12-14
188,0.00392042880476586,0.00229268917742483,0.000664949550083813,2020-12-15
188.5,0.00392418031121766,0.00229396760032121,0.000663754889424752,2020-12-15
189,0.00392725173357103,0.0022948864074264,0.000662521081281775,2020-12-16
189.5,0.00392964129323633,0.00229544486271735,0.000661248432198372,2020-12-16
190,0.00393134768594979,0.00229564247163114,0.000659937257312485,2020-12-17
190.5,0.00393237008329896,0.00229547898174655,0.000658587880194137,2020-12-17
191,0.00393270813354276,0.00229495438311112,0.000657200632679487,2020-12-18
191.5,0.00393236196172507,0.00229406890821325,0.000655775854701432,2020-12-18
192,0.00393133216908213,0.00229282303159953,0.000654313894116923,2020-12-19
192.5,0.00392961983174625,0.00229121746913869,0.000652815106531123,2020-12-19
193,0.00392722649874986,0.00228925317693421,0.00065127985511857,2020-12-20
193.5,0.00392415418933581,0.00228693134988865,0.000649708510441483,2020-12-20
194,0.00392040538958152,0.00228425341992344,0.00064810145026537,2020-12-21
194.5,0.00391598304834624,0.00228004283351451,0.000644102618682789,2020-12-21
195,0.00391089057255253,0.00227538647697582,0.000639882381399096,2020-12-22
195.5,0.00390513182181446,0.00227039159914726,0.000635651376480062,2020-12-22
196,0.00389871110242669,0.00226506077141037,0.000631410440394057,2020-12-23
196.5,0.00389163316073031,0.00225939678098325,0.000627160401236191,2020-12-23
197,0.00388390317587237,0.00225340262718664,0.000622902078500906,2020-12-24
197.5,0.00387552675197776,0.00224708151742092,0.000618636282864092,2020-12-24
198,0.00386650990975333,0.002240436862864,0.000614363815974678,2020-12-25
198.5,0.00385685907754529,0.00223347227390049,0.000610085470255692,2020-12-25
199,0.00384658108187216,0.00222619155529344,0.000605802028714716,2020-12-26
199.5,0.00383568313745662,0.00221859870111016,0.000601514264763696,2020-12-26
200,0.00382417283678069,0.00221069788941437,0.000597222942048047,2020-12-27
200.5,0.00381205813918933,0.00220249347673715,0.000592928814284971,2020-12-27
201,0.00379934735956862,0.00219398999233977,0.000588632625110924,2020-12-28
201.5,0.00378604915662531,0.00218519213228172,0.000584335107938132,2020-12-28
202,0.00377217252079506,0.00217610475330757,0.000580036985820077,2020-12-29
202.5,0.0037577267618075,0.00216673286656667,0.000575738971325844,2020-12-29
203,0.00374272149593618,0.0021570816311797,0.00057144176642323,2020-12-30
203.5,0.00372716663296252,0.00214715634766651,0.000567146062370497,2020-12-30
204,0.00371107236288245,0.00213696245124955,0.000562852539616655,2020-12-31
204.5,0.00369444914238496,0.00212650550504756,0.000558561867710154,2020-12-31
205,0.00367730768113182,0.00211579119317383,0.000554274705215854,2021-01-01
205.5,0.00365965892786757,0.00210482531375385,0.000549991699640136,2021-01-01
206,0.00364151405638891,0.00209361377187647,0.000545713487364028,2021-01-02
206.5,0.00362288445140219,0.00208216257249319,0.00054144069358419,2021-01-02
207,0.00360378169429788,0.00207047781327975,0.000537173932261623,2021-01-03
207.5,0.00358421754886981,0.00205856567747388,0.00053291380607795,2021-01-03
208,0.00356420394700745,0.00204643242670328,0.000528660906399113,2021-01-04
208.5,0.00354375297438796,0.00203355210672576,0.000523351239063557,2021-01-04
209,0.00352287685619518,0.00202039185236164,0.000517906848528093,2021-01-05
209.5,0.00350158794289124,0.00200704151803375,0.000512495093176258,2021-01-05
210,0.00347989869606619,0.00199350754106364,0.000507116386061093,2021-01-06
210.5,0.00345782167439037,0.00197979639812414,0.000501771121857903,2021-01-06
211,0.00343536951969297,0.00196591459841209,0.00049645967713121,2021-01-07
211.5,0.003416801545681,0.00195399197814328,0.000491182410605564,2021-01-07
212,0.00339813281137576,0.00194203623740781,0.000485939663439857,2021-01-08
212.5,0.00337920449707365,0.00192996812828923,0.000480731759504812,2021-01-08
213,0.00336002424567769,0.0019177916256705,0.000475559005663306,2021-01-09
213.5,0.0033405997245478,0.0019055107083005,0.000470421692053205,2021-01-09
214,0.0033209386197777,0.00189312935607505,0.000465320092372408,2021-01-10
214.5,0.00330104863055239,0.00188065154735909,0.000460254464165785,2021-01-10
215,0.00328093746359187,0.0018680812563528,0.00045522504911372,2021-01-11
215.5,0.00326061282768669,0.00185542245050433,0.000450232073321968,2021-01-11
216,0.0032400824283303,0.00184267908797143,0.000445275747612565,2021-01-12
216.5,0.00321935396245342,0.00182985511513446,0.000440356267815498,2021-01-12
217,0.00319843511326467,0.00181695446416279,0.000435473815060903,2021-01-13
217.5,0.00317733354520209,0.00180398105063681,0.000430628556071525,2021-01-13
218,0.00315605689899946,0.00179093877122733,0.000425820643455203,2021-01-14
218.5,0.00313461278687112,0.00177783150143414,0.000421050215997158,2021-01-14
219,0.0031130087878189,0.00176466309338537,0.000416317398951847,2021-01-15
219.5,0.0030912524430642,0.00175143737369919,0.000411622304334184,2021-01-15
220,0.00306935125160821,0.00173815814140906,0.000406965031209907,2021-01-16
220.5,0.00305000930175992,0.00172617748387242,0.000402345665984913,2021-01-16
221,0.00304302973510991,0.00172039700890163,0.000397764282693357,2021-01-17
221.5,0.00303746462347219,0.00171534278337827,0.000393220943284347,2021-01-17
222,0.00303166977708067,0.00171019273749386,0.000388715697907053,2021-01-18
222.5,0.00302564709350108,0.00170494783934758,0.000384248585194076,2021-01-18
223,0.00301939853474513,0.00169960908364402,0.000379819632542919,2021-01-19
223.5,0.00301292612595514,0.00169417749117527,0.000375428856395406,2021-01-19
224,0.00300623195405458,0.00168865410828475,0.000371076262514916,2021-01-20
224.5,0.00299931816636615,0.00168304000631372,0.000366761846261301,2021-01-20
225,0.00299218696919883,0.00167733628103109,0.000362485592863354,2021-01-21
225.5,0.00298484062640548,0.0016715440520471,0.000358247477688711,2021-01-21
226,0.00297728145791256,0.00166566446221183,0.000354047466511091,2021-01-22
226.5,0.00296951183822348,0.00165969867699911,0.000349885515774743,2021-01-22
227,0.00296153419489728,0.00165364788387665,0.00034576157285602,2021-01-23
227.5,0.00295335100700413,0.00164751329166306,0.000341675576321993,2021-01-23
228,0.00294496480355936,0.00164129612987268,0.000337627456186001,2021-01-24
228.5,0.00293637816193754,0.00163499764804881,0.000333617134160076,2021-01-24
229,0.00292759370626831,0.00162861911508624,0.000329644523904158,2021-01-25
229.5,0.00291861410581559,0.00162216181854382,0.000325709531272045,2021-01-25
230,0.00290944207334166,0.00161562706394783,0.000321812054554001,2021-01-26
230.5,0.00290008036345798,0.00160901617408698,0.000317951984715982,2021-01-26
231,0.00289053177096407,0.00160233048829974,0.000314129205635417,2021-01-27
231.5,0.00288079912917635,0.00159557136175493,0.000310343594333502,2021-01-27
232,0.0028708853082483,0.00158874016472613,0.00030659502120397,2021-01-28
232.5,0.00286079321348364,0.00158183828186097,0.000302883350238298,2021-01-28
233,0.0028505257836442,0.00157486711144576,0.000299208439247316,2021-01-29
233.5,0.00284008598925378,0.00156782806466649,0.000295570140079198,2021-01-29
234,0.00282947683089981,0.00156072256486681,0.000291968298833805,2021-01-30
234.5,0.0028187013375342,0.00155355204680378,0.000288402756073367,2021-01-30
235,0.00280776256477485,0.00154631795590217,0.000284873347029489,2021-01-31
235.5,0.00279666359320942,0.00153902174750794,0.000281379901806463,2021-01-31
236,0.00278540752670269,0.00153166488614179,0.00027792224558089,2021-02-01
236.5,0.00277399749070903,0.00152424884475331,0.000274500198797595,2021-02-01
237,0.00276243663059132,0.00151677510397658,0.000271113577361849,2021-02-02
237.5,0.0027507281099477,0.00150924515138779,0.000267762192827884,2021-02-02
238,0.00273887510894753,0.00150166048076563,0.000264445852583728,2021-02-03
238.5,0.00272688082267784,0.00149402259135509,0.000261164360032343,2021-02-03
239,0.00271474845950148,0.00148633298713529,0.000257917514769101,2021-02-04
239.5,0.00270248123942832,0.00147859317609196,0.000254705112755595,2021-02-04
240,0.00269008239250069,0.00147080466949525,0.000251526946489814,2021-02-05
240.5,0.0026775551571941,0.00146296898118339,0.000248382805172691,2021-02-05
241,0.00266490277883452,0.00145508762685278,0.000245272474871049,2021-02-06
241.5,0.00265212850803326,0.00144716212335512,0.000242195738676975,2021-02-06
242,0.00263923559914046,0.00143919398800205,0.000239152376863629,2021-02-07
242.5,0.00262622730871828,0.00143118473787791,0.000236142167037541,2021-02-07
243,0.00261310689403466,0.00142313588916103,0.000233164884287397,2021-02-08
243.5,0.00259987761157873,0.00141504895645405,0.000230220301329371,2021-02-08
244,0.00258654271559859,0.0014069254521238,0.000227308188649015,2021-02-09
244.5,0.00257310545666249,0.00139876688565112,0.000224428314639749,2021-02-09
245,0.00255956908024401,0.001390574762991,0.000221580445737991,2021-02-10
245.5,0.00254593682533221,0.00138235058594358,0.00021876434655495,2021-02-10
246,0.00253221192306739,0.00137409585153626,0.000215979780005131,2021-02-11
246.5,0.00251839759540304,0.00136581205141732,0.000213226507431592,2021-02-11
247,0.00250449705379484,0.00135750067126141,0.000210504288727975,2021-02-12
247.5,0.0024905134979171,0.00134916319018724,0.000207812882457378,2021-02-12
248,0.00247645011440731,0.0013408010801877,0.000205152045968083,2021-02-13
248.5,0.00246231007563934,0.00133241580557277,0.000202521535506207,2021-02-13
249,0.00244809653852559,0.00132367613390591,0.000199255729286225,2021-02-14
249.5,0.00243381264334879,0.00131489481105308,0.000195976978757377,2021-02-14
250,0.00241946151262359,0.00130610505037434,0.000192748588125099,2021-02-15
250.5,0.00240504624998848,0.00129730807770172,0.000189569905414965,2021-02-15
251,0.00239056993912821,0.00128850511099985,0.00018644028287149,2021-02-16
251.5,0.00237603564272708,0.00127969735991134,0.000183359077095595,2021-02-16
252,0.00236144640145334,0.00127088602531375,0.000180325649174158,2021-02-17
252.5,0.00234680523297479,0.00126207229888834,0.000177339364801894,2021-02-17
253,0.00233211513100588,0.00125325736270084,0.000174399594395792,2021-02-18
253.5,0.00231737906438637,0.00124444238879437,0.000171505713202381,2021-02-18
254,0.00230259997619156,0.00123562853879479,0.000168657101398017,2021-02-19
254.5,0.00228778078287434,0.0012268169635284,0.000165853144182455,2021-02-19
255,0.00227292437343892,0.00121800880265241,0.000163093231865908,2021-02-20
255.5,0.0022580336086462,0.00120920518429801,0.000160376759949822,2021-02-20
256,0.00224311132025098,0.00120040722472628,0.000157703129201578,2021-02-21
256.5,0.0022281603102706,0.00119161602799697,0.000155071745723336,2021-02-21
257,0.00221318335028515,0.00118283268565018,0.000152482021015217,2021-02-22
257.5,0.00219818318076906,0.00117405827640105,0.000149933372033033,2021-02-22
258,0.00218316251045384,0.0011652938658473,0.000147425221240757,2021-02-23
258.5,0.0021681240157218,0.00115654050618986,0.000144956996657921,2021-02-23
259,0.00215307034003066,0.0011477992359664,0.000142528131902134,2021-02-24
259.5,0.0021380040933686,0.00113907107979775,0.000140138066226898,2021-02-24
260,0.00212292785173961,0.00113035704814726,0.000137786244554905,2021-02-25
260.5,0.0021078441566789,0.00112165813709294,0.000135472117506978,2021-02-25
261,0.00209275551479791,0.00111297532811237,0.000133195141426831,2021-02-26
261.5,0.0020776643973587,0.00110430958788026,0.00013095477840182,2021-02-26
262,0.0020625732398773,0.00109566186807856,0.000128750496279825,2021-02-27
262.5,0.00204748444175575,0.00108703310521909,0.000126581768682436,2021-02-27
263,0.00203240036594225,0.00107842422047842,0.000124448075014584,2021-02-28
263.5,0.0020173233386193,0.00106983611954503,0.000122348900470773,2021-02-28
264,0.00200225564891902,0.00106126969247853,0.000120283736038043,2021-03-01
264.5,0.00198719954866565,0.00105272581358073,0.00011825207849582,2021-03-01
265,0.00197215725214436,0.00104420534127857,0.000116253430412767,2021-03-02
265.5,0.00195713093589626,0.00103570911801852,0.000114287300140786,2021-03-02
266,0.00194212273853881,0.00102723797017255,0.00011235320180629,2021-03-03
266.5,0.00192713476061143,0.00101879270795515,0.000110450655298863,2021-03-03
267,0.00191216906444562,0.00101037412535153,0.000108579186257437,2021-03-04
267.5,0.00189722767405909,0.00100198300005659,0.000106738326054098,2021-03-04
268,0.00188231257507352,0.000993620093424575,0.000104927611775632,2021-03-05
268.5,0.00186742571465526,0.00098528615042909,0.00010314658620292,2021-03-05
269,0.00185256900147854,0.000976981899633417,0.000101394797788294,2021-03-06
269.5,0.00183774430571059,0.000968708053170764,9.96718006309409e-05,2021-03-06
270,0.00182295345901817,0.000960465306734319,9.79771544504723e-05,2021-03-07
270.5,0.00180819825459494,0.000952254339576843,9.63104245587423e-05,2021-03-07
271,0.00179348044720915,0.00094407581451958,9.46711818300091e-05,2021-03-08
271.5,0.00177880175327097,0.000935930377970253,9.30590026695327e-05,2021-03-08
272,0.00176416385091913,0.000927818659949908,9.14734689806909e-05,2021-03-09
272.5,0.00174956838012604,0.000919741274128368,8.99141681307012e-05,2021-03-09
273,0.0017350169428211,0.000911698817868061,8.83806929150255e-05,2021-03-10
273.5,0.00172051110303141,0.000903691872275975,8.68726415205385e-05,2021-03-10
274,0.00170605238703947,0.0008957210022635,8.5389617487533e-05,2021-03-11
274.5,0.00169164228355721,0.000887786756613924,8.39312296706354e-05,2021-03-11
275,0.00167728224391593,0.000879889668057317,8.24970921987018e-05,2021-03-12
275.5,0.00166297368227142,0.00087203025335259,8.1086824433761e-05,2021-03-12
276,0.00164871797582384,0.000864209013376453,7.97000509290705e-05,2021-03-13
276.5,0.00163451646505177,0.000856426433219061,7.83364013863471e-05,2021-03-13
277,0.00162037045395993,0.000848682982286081,7.69955106122338e-05,2021-03-14
277.5,0.00160628121033985,0.000840979114406956,7.56770184740598e-05,2021-03-14
278,0.00159224996604328,0.000833315267949116,7.43805698549498e-05,2021-03-15
278.5,0.00157827791726748,0.000825691865937909,7.31058146083367e-05,2021-03-15
279,0.00156436622485207,0.000818109316181998,7.18524075119294e-05,2021-03-16
279.5,0.00155051601458685,0.000810568011404016,7.06200082211849e-05,2021-03-16
280,0.0015367283775301,0.000803068329376218,6.94082812223329e-05,2021-03-17
280.5,0.00152300437033686,0.00079561063306093,6.82168957849979e-05,2021-03-17
281,0.00150934501559661,0.00078819527075554,6.70455259144648e-05,2021-03-18
281.5,0.00149575130218003,0.000780822576241831,6.58938503036278e-05,2021-03-18
282,0.00148222418559417,0.000773492868939419,6.4761552284664e-05,2021-03-19
282.5,0.00146876458834569,0.000766206454063083,6.36483197804719e-05,2021-03-19
283,0.00145537340031165,0.000758963622783778,6.25538452559096e-05,2021-03-20
283.5,0.00144205147911735,0.000751764652393109,6.14778256688699e-05,2021-03-20
284,0.0014287996505209,0.000744609806471065,6.04199624212263e-05,2021-03-21
284.5,0.00141561870880394,0.000737499335056812,5.93799613096817e-05,2021-03-21
285,0.00140250941716811,0.000730433474822331,5.83575324765517e-05,2021-03-22
285.5,0.00138947250813693,0.000723412449248719,5.73523903605121e-05,2021-03-22
286,0.00137650868396258,0.000716436468804957,5.63642536473388e-05,2021-03-23
286.5,0.00136361861703722,0.000709505731128942,5.53928452206681e-05,2021-03-23
287,0.00135080295030844,0.00070262042121062,5.44378921128012e-05,2021-03-24
287.5,0.00133806229769847,0.000695780711577024,5.34991254555811e-05,2021-03-24
288,0.00132539724452672,0.000688986762479041,5.25762804313616e-05,2021-03-25
288.5,0.00131280834793541,0.000682238722079749,5.16690962240931e-05,2021-03-25
289,0.00130029613731772,0.000675536726644132,5.07773159705464e-05,2021-03-26
289.5,0.00128786111474837,0.000668880900730033,4.99006867116935e-05,2021-03-26
290,0.00127550375541608,0.000662271357380171,4.90389593442655e-05,2021-03-27
290.5,0.00126322450805763,0.000655708198315067,4.81918885725058e-05,2021-03-27
291,0.00125102379539334,0.000649191514126737,4.73592328601358e-05,2021-03-28
291.5,0.00123890201456344,0.000642721384472993,4.65407543825485e-05,2021-03-28
292,0.00122685953756519,0.000636297878272217,4.57362189792473e-05,2021-03-29
292.5,0.00121489671169039,0.000629921053898464,4.49453961065429e-05,2021-03-29
293,0.00120301385996302,0.000623590959376773,4.41680587905231e-05,2021-03-30
293.5,0.00119121128157675,0.00061730763257853,4.34039835803075e-05,2021-03-30
294,0.00117948925233198,0.00061107110141679,4.26529505016006e-05,2021-03-31
294.5,0.00116784802507226,0.000604881384041408,4.19147430105538e-05,2021-03-31
295,0.00115628783011981,0.000598738489033879,4.1189147947947e-05,2021-04-01
295.5,0.00114480887570983,0.000592642415601764,4.04759554937011e-05,2021-04-01
296,0.00113341134842347,0.000586593153772601,3.97749591217292e-05,2021-04-02
296.5,0.00112209541361925,0.000580590684587193,3.90859555551358e-05,2021-04-02
